10,0,2,2,36,36
3.684552662974738e-14,-72.04352412689974,422.01154532145057,1154.8568378500552,1407.4844230291112,1046.748882594637,698.0261489914037,473.0346362789637,329.7857819178877,235.8348068416735,172.34804802538847,128.34538445028036,97.18491452514228,74.70306773514552,58.21117648830285,45.93004645994321,36.65779034498288,29.5678036873896,24.082389060325315,19.79185451800273,16.401700832847688,13.697551417212926,11.521504564268849,9.7559624205505,8.312427751001296,7.123647060923614,6.138036804576894,5.315686024670324,4.625459873918329,4.042880214151182,3.5485603481059425,3.127038753148383,2.76590278190534,2.455124954779877,2.1865564309556906,1.9535376236625996
-2.8258645423662188e-14,152.62974067816174,416.680483694666,697.562115656715,804.6687352149862,710.899537798265,550.700045232325,409.4930732246725,303.1692558942457,226.19177686638662,170.6819416887168,130.36629995151884,100.77377381419022,78.8006168639547,62.29573773171092,49.75838564875187,40.13159549576049,32.66322039287659,26.812371095332466,22.186016702616584,18.495652934455716,15.527408359918649,13.121223541434023,11.156210655394036,9.540261734988345,8.202604260636104,7.088419930727303,6.154920592982531,5.368462343889389,4.702405615355251,4.135515770262861,3.6507585002802263,3.2343858631881908,2.875237905039055,2.56420536886762,2.2938136213986784
3.2161773244610004e-14,149.28445834384237,310.53164188687924,448.70311158716174,510.43046132723407,486.5234311280456,414.903539551448,334.2064787792679,262.81047444319023,205.20587338772933,160.40052434416253,126.00324571120673,99.65872008098356,79.42583282496315,63.80383845389832,51.66198900562523,42.15655789550208,34.65926517483491,28.701341942213137,23.9315697506778,20.085370159270333,16.962203335876257,14.409071894739878,12.30846381861663,10.56951050802087,9.121473234557113,7.9089195257083995,6.8881305468268845,6.024409275783366,5.290051246496347,4.662805339596067,4.124699109419589,3.661136875767382,3.260203118357628,2.9121213066898255,2.608831095749437
3.965577866082981e-14,111.7740830140187,217.05796856830503,299.6823698331783,342.0430352116311,341.0244262655054,309.71552312727647,265.34447245985245,219.96597531198344,179.32998647378955,145.18176003863067,117.3765677645048,95.07781579527342,77.30834677100214,63.1672725147088,51.89587946275463,42.88180373709838,35.64127849064836,29.796169074599064,25.05225605816381,21.18083111297703,18.00387890745793,15.382460594797905,13.207736962803068,11.39408267416601,9.873821442858725,8.593202747078916,7.5093235500925415,6.5877673935295675,5.8007878682871645,5.1259056884656955,4.544820730299261,4.0425646507695845,3.606837921371647,3.2274887764651368,2.8961018222050723
7.41594285980085e-15,78.98548254758686,150.48710724429208,205.7310612563859,237.50525506647344,244.57090873186803,232.20960324092997,208.5301700401495,180.61901176436763,153.02313306381055,128.02148860882022,106.42812174298705,88.27517822630425,73.24323002730982,60.894373874004785,50.78528600075125,42.51529137215514,35.74183867296834,30.18081817874375,25.600618355181645,21.81424978395768,18.671513104244568,16.052012835495532,13.859253548037165,12.01579892358765,10.459371994523861,9.139746280168332,8.016282123194134,7.055980154444206,6.231944849679719,5.522171278326384,4.9085857175891165,4.376285414914537,3.9129345890882625,3.5082831392012723,3.1537819011457424
9.625113206457314e-14,55.51554657016171,105.4666439084758,144.63232931106722,169.35865738274757,178.93349141635966,175.69138240546118,163.67250548975056,146.9664130426081,128.72128488447126,110.93206190887874,94.65294177546141,80.31024467658435,67.96441870134572,57.487952263672895,48.67277825357498,41.28974217338367,35.11873605620176,29.962052981761577,25.648673896624388,22.033967772706095,18.99730409498774,16.438916204257193,14.276695705324059,12.443234782649261,10.883238840986992,9.55133234598031,8.410233423924849,7.429253483239493,6.5830732897483815,5.8507490970492935,5.2149075790397985,4.661094339491993,4.177246653937733,3.7532663792927714,3.3806734965415157
7.634518017773928e-14,39.486598994035774,75.21714172103569,103.92341568791012,123.4450583931652,133.23423691494293,134.34878176043756,128.8869858508833,119.22392184495719,107.43654752389233,95.05370555973451,83.05417649384904,71.98055051762688,62.07459997012048,53.39098709085143,45.87882585486929,39.43484870028207,33.93567806223014,29.256133674537764,25.27877037376703,21.898170817924484,19.022248267108324,16.571944911045406,14.480148442691036,12.69029847102769,11.15494123452305,9.834364837885927,8.695374434819074,7.710226222597206,6.8557176585754735,6.112420935258797,5.464042633508202,4.8968917492547765,4.39943928659076,3.961954375376365,3.5762038771946836
-3.239596091386687e-14,28.583156104236746,54.68717143753295,76.19943761673147,91.72084723180731,100.79036712978662,103.86711502921,102.06624855146534,96.78217369984583,89.36072537795668,80.90629080968114,72.22062043099609,63.82595102637353,56.024146729821105,48.96057855708101,42.67824841686369,37.15825952302578,32.3477463449047,28.178015292254766,24.575695266350316,21.469179186784288,18.792030431175345,16.484509196362662,14.493983196405383,12.774712525186574,11.287313536834196,9.998085671257506,8.878307961497415,7.903563750844895,7.053122728818764,6.30939194259597,5.657437483183929,5.084573200797458,4.580010237982523,4.134560230621757,3.740385002865523
-5.640019701269594e-14,21.082633828816032,40.52411333960128,56.9249181881802,69.33237933100057,77.35946925623382,81.17606575728111,81.37808757394956,78.79131923459393,74.28254239755708,68.62661459720988,62.44099979727237,56.173593630295166,50.12171052846763,44.46356460672663,39.29061305713044,34.63523702582751,30.49212383232488,26.833687890854396,23.620621623868928,20.808785006700564,18.35348954934141,16.212002764053754,14.344879074787702,12.716542945530545,11.295413953822056,10.053765743883739,8.967442820552513,8.01551307091391,7.179903314062652,6.445045263313639,5.797546576249743,5.225893747924684,4.720188817096274,4.27191909061801,3.8737576066600257
-5.796144814107507e-14,15.836356531591056,30.572285575745884,43.26081833409491,53.23401254753219,60.173809857386274,64.11166082732122,65.36192478889417,64.41575257022635,61.83046904478402,58.14158639931973,53.80880011255542,49.193660773555756,44.55974365047464,40.08529068255842,35.88058683039704,32.00531066190768,28.483531384469988,25.31560002222832,22.487030991945876,19.974834911169733,17.751854635330663,15.78961632078998,14.060118088824913,12.536882519545632,11.195513868738928,10.01393220797374,8.97240443380154,8.053453808201482,7.241702397738178,6.523681730308705,5.887633934975354,5.323316837032251,4.821820660771427,4.375400217799999,3.9773240717101452
-2.1037858954908728e-14,12.099647106209625,23.449127030635736,33.39518777124184,41.46024104902518,47.38772967707337,51.1462234799182,52.895346522226575,52.92689084492938,51.599010493203146,49.27882832382187,46.30190433230516,42.9499326900389,39.44341027128969,35.94430823180145,32.56409816737817,29.373703507830545,26.413266744253352,23.700669833213993,21.23843648605347,19.01903665460372,17.02879789911145,15.25068802605179,13.666227375392777,12.256754214440015,11.004223429689768,9.891677296868789,8.903491740616111,8.025473184636429,7.244859366129358,6.55026130310149,5.9315718157792325,5.379857575024626,4.887245720082851,4.446811977768273,4.052474410666957
4.87890977618477e-15,9.389957895545212,18.25945387552269,26.149690904951445,32.71395016010039,37.74781923792439,41.19489321633284,43.129560632704376,43.72379250086888,43.207481520646944,41.83116428609788,39.83689646944443,37.43939493525299,34.816708823093656,32.10816826222267,29.417013681001663,26.815466595601936,24.350628118285627,22.050206294142626,19.927554337845304,17.985825849259907,16.22124465732259,14.625583989448437,13.187986866197786,11.896262925408722,10.73778346903262,9.700076733625878,8.771204854815462,7.939985437589357,7.196105075085065,6.530159698730182,5.933646991769189,5.398928802205745,4.919176079726017,4.488304910938945,4.100909384282668
2.6814488129911496e-14,7.391260239008823,14.415097568984978,20.743845613650098,26.122474056211228,30.389216213724364,33.48132106366432,35.426650357229896,36.324774069677794,36.32281755892745,35.59124237286455,34.30337351281126,32.620594234121626,30.68343616902644,28.60768625063582,26.484154913721323,24.380739678084478,22.34566068382088,20.411067683972036,18.596518278941325,16.91206085630891,15.360816135349635,13.941049636850327,12.647780337237824,11.473993666715197,10.411531886269946,9.45173007968369,8.58585685036159,7.8054084495490175,7.1022951525112195,6.468950008071208,5.898382857753531,5.3841967200311815,4.920579100877845,4.502277318252982,4.124564310296427
-8.157537145780935e-15,5.8934288623449405,11.523128665722611,16.65140369355727,21.088411496272663,24.706470723944733,27.445183247251805,29.30762276985269,30.349537618803076,30.664522699530846,30.368248051176916,29.58423077474431,28.432656896857242,27.02277259926041,25.448617927563202,23.787454034370903,22.100097753973177,20.432430229125128,18.81749336599814,17.277758287717212,15.827303065891787,14.473756122259037,13.219944938416626,12.065242439284146,11.006633229835321,10.039536000331836,9.158422685973372,8.357273582076855,7.629903393012869,6.970187887948316,6.372215460916575,5.830382970948107,5.33945099298122,4.89457009127793,4.491286891547259,4.1255364917539055
-3.4913478358378214e-14,4.754403622179167,9.31652846394143,13.511422509532013,17.196180663308674,20.26999770007893,22.678453046270064,24.41205737249384,25.500102268388577,26.001502009281218,25.994490661487355,25.566789285848827,24.807351840363765,23.8002287713809,22.62060417889831,21.332739465425657,19.989398407601662,18.632299408199,17.293191149431287,15.99523441217638,14.75446512558191,13.581194872728823,12.481268373070908,11.457142433774257,10.508780154981533,9.634371453155595,8.830899774181555,8.094578129485885,7.421177496947847,6.806268712124129,6.2453962335177575,5.7341992099106385,5.268492453093409,4.844317396956516,4.457970968182684,4.106018507387871
-2.564354978362715e-14,3.8765096826767595,7.610778635021685,11.07228608360648,14.152317311732833,16.77110724591096,18.881303564678944,20.467686943554963,21.543703179358086,22.145784201788445,22.32659459474289,22.148251906052884,21.676310663584914,20.97497380350193,20.103689875350973,19.115063907239133,18.053871171742284,16.95690643415662,15.853403677064525,14.76579801608507,13.710652335945372,12.699622546305232,11.740379905924918,10.837443746807724,9.992903094601969,9.207022482520973,8.478737533160219,7.80605143848523,7.186345827644257,6.616619852234899,6.093670488385318,5.614225632453914,5.175039923726436,4.772961586578131,4.404977068722174,4.068238918530485
1.5378323614534395e-14,3.191482397824474,6.27631021133605,9.155881304093182,11.746659232618965,13.98530300857072,15.831412194328983,17.267796138329444,18.298559607222987,18.94557504830944,19.24404128186312,19.237810489605682,18.97503666784421,18.5045133724822,17.87287854455974,17.12270610834993,16.291395099973645,15.410708132017364,14.50679276680556,13.60052878229181,12.708068896951863,11.841470629591273,11.009346322720136,10.217483589307617,9.469408296943842,8.766876728603613,8.110293471853174,7.499057846215901,6.931845231056833,6.406831323618843,5.921867788143041,5.474617434936863,5.062656332737376,4.683549336230733,4.33490454708668,4.014411306197806
1.7895841059045736e-14,2.6508637665516,5.220749938163182,7.634296667891838,9.826702577739885,11.747447513278635,13.362445325078102,14.654537260207944,15.622476475330679,16.27873864378897,16.64659300537963,16.756878810639243,16.64487093087214,16.347514211750383,15.90118920492849,15.340066120610256,14.695023147261447,13.993053990601421,13.257064937601838,12.505957637982686,11.754902904195042,11.015726800237742,10.297348383898388,9.606225661680691,8.946781015070993,8.321788986245702,7.732717930077237,7.180023037695338,6.6633921298945875,6.181947922192478,5.734411630837272,5.319233187887928,4.934693243813158,4.578981761145816,4.250257483365935,3.9466919922584585
-7.142723912334503e-15,2.219748365740092,4.37729859671704,6.414424593663284,8.280404487838174,9.934745616821868,11.348863897360001,12.5066371077107,13.403906334848205,14.047123152201632,14.451414042223858,14.63835355676096,14.633711226139326,14.465379567212524,14.161619282223493,13.749688132528359,13.254862288693445,12.699817972180924,12.104317158522441,11.485131371600858,10.856138266893154,10.228532829950911,9.611105302178064,9.01054899611811,8.431771472042431,7.878191332989147,7.352009885042224,6.854452151996142,6.3859754471062935,5.946446174476166,5.53528704693626,5.151597723398153,4.794252199263512,4.461976294450898,4.153408398500702,3.867146339158619
-1.5612511283791264e-14,1.8726462815262956,3.697003693874235,5.427630348806057,7.024485773623292,8.454945333679579,9.695107947571854,10.730330498783298,11.555022589060728,12.171818311091759,12.590295825396339,12.82543652614641,12.896006479252486,12.823011680179864,12.628335697825353,12.333623040962697,11.959431310545934,11.524644019424835,11.046115174895574,10.53850556672016,10.014267257425924,9.48373471799471,8.955286217845773,8.435545713115593,7.929602339069249,7.441230928990526,6.973102355984089,6.5269767940042875,6.103876255241953,5.704235108116427,5.328028875590877,4.974882622433515,4.64416081192354,4.335040773075038,4.046571968832829,3.777723170128782
-2.4726314745704414e-14,1.5907039875809579,3.14354312997114,4.622718769056646,5.996367289100547,7.238062751471938,8.327835708397465,9.252654920871313,10.006384426049388,10.589284722934586,11.00716607366955,11.27032066881747,11.39235960594298,11.389064481971241,11.277337788683347,11.074307213729323,10.79661129350575,10.459870874043606,10.078334025052,9.664671529774262,9.22989502219906,8.783368991461929,8.332889863188425,7.88480899024078,7.444180693743049,7.014920827322368,6.599965285926187,6.201421238356273,5.8207065643668905,5.458675047108989,5.115726383464487,4.791901122753724,4.486961325197941,4.200458134146552,3.931787656249387,3.680236602929658
-2.1916062714621987e-14,1.3598095276073108,2.6896524482796877,3.961079316767985,5.148540106570527,6.230514855751449,7.190309012788526,8.016471675026226,8.7028384971119,9.248239540525054,9.655940651870862,9.932902511319607,10.088944305365912,10.135891183503606,10.086769642832627,9.955096458902732,9.754288025084247,9.497200372363924,9.19579708974636,8.860933305205473,8.502238588659736,8.128079463478501,7.7455823564812025,7.3606994823009355,6.978302664280472,6.602292917474409,6.235716398494957,5.8808798414173795,5.539460738058429,5.212609251561029,4.9010401908257615,4.605114364059561,4.324909328711179,4.060280020288644,3.8109100277557415,3.5763544349389407
-2.0920765120280294e-14,1.1692822095583353,2.314643818795661,3.4132905283776727,4.444587230328616,5.390915880303922,6.238298285222802,6.976751353295945,7.600371578953138,8.107172044653653,8.498715635562172,8.779600565263806,8.956858375799653,9.03932134021956,9.037007594575218,8.96056064735354,8.820767322824327,8.628166407475735,8.392750408106501,8.123755431474029,7.829529314474194,7.5174654990531975,7.193989309684022,6.864583752520397,6.5338432449781685,6.205545411650627,5.882732952167464,5.5677993971263575,5.262574197413284,4.968403979499841,4.6862279276756285,4.416646134725127,4.159980422268766,3.9163276049592968,3.6856054943416288,3.4675921415961044
-1.0557960755663842e-14,1.0109542723346576,2.0026605195730482,2.956715493204818,3.856340031624662,4.687035195073501,5.437071750987593,6.097787963247511,6.663690444973073,7.1323712317757115,7.504268961646741,7.78231171374079,7.971483244521875,8.078353529439998,8.110609763973663,8.076616704011336,7.985026848703687,7.844452693169634,7.6632059709299405,7.449102967277627,7.209330789703779,6.950366858642698,6.6779426046832535,6.397042127408664,6.111927076340346,5.826179976796477,5.542759415330074,5.26406175125876,4.991985217637932,4.727993347696589,4.4731755773858675,4.2283036224840105,3.993882817108156,3.770198046301302,3.557354229688609,3.3553115380286394
7.903833837419327e-16,0.8785190708852342,1.7414336557569203,2.5737790325820322,3.3618235973683004,4.093574561565907,4.759164269467848,5.351097853026285,5.864356502191683,6.296363495134279,6.646830784719426,6.917511369882461,7.11188649391016,7.234817077009131,7.292186314628055,7.290555913094833,7.236852910863443,7.138098279186178,7.0011831573846015,6.832694077979419,6.638785082586987,6.425092250123641,6.196684758909198,5.958046015722133,5.71307841162766,5.465125714455345,5.217007813127603,4.9710633550862395,4.729196665611424,4.492926140022068,4.263432016631149,4.041602050615354,3.828074112057924,3.6232751303689708,3.4274561127116825,3.2407231892437376
-2.166235940626038e-15,0.7670628813779277,1.5213862648551766,2.2507195687888317,2.943756785169001,3.5905290978498843,4.182711128189172,4.713825967111663,5.179343529141509,5.576675831299398,5.905080528700337,6.165489708434028,6.360284211527851,6.493034647735638,6.56822911755715,6.591004980023263,6.566898398403971,6.501621428229072,6.400872554735836,6.270183177782071,6.114799778755849,5.939599459272847,5.749035193247735,5.547106397062598,5.337350178888884,5.1228487505434925,4.906248853950238,4.689789567028024,4.475335429830532,4.264412411936678,4.058244786850227,3.857791465004146,3.66378075269463,3.476742847507415,3.2970396549617074,3.124891723018899
-1.1328828500301036e-14,0.6727248034879512,1.334980643517533,1.976675391981183,2.58844651163367,3.1619680229348823,3.6901943868983498,4.167529867583604,4.589918483034669,4.954856092225236,5.261331796136139,5.509710137920721,5.701568292522226,5.839503504291881,5.926925631727713,5.967848103661397,5.966688263682204,5.928085365504122,5.856741720070862,5.757289945849792,5.634187107928315,5.491634835177124,5.333523293605481,5.16339613285986,4.984433145035498,4.7994472996413435,4.610892963352338,4.420882403005753,4.231208042085325,4.043368345432139,3.858595608358104,3.677884300878439,3.5020189513534734,3.3316008398474986,3.1670730087496413,3.008743288991289
-4.098284211995207e-16,0.5924470887878085,1.1762379386579191,1.7430090998880348,2.284965097248131,2.79512004153531,3.2674927515688577,3.6972465541015387,4.080769539732685,4.41569565934405,4.700871165974047,4.936274172673663,5.122897289518572,5.262604362940878,5.357972348824286,5.4121284925757305,5.428591509383828,5.411123616562197,5.363598307624852,5.289886870681985,5.193764982054782,5.078839332829392,4.948493204164334,4.805849189871688,4.653746838454999,4.494732802391066,4.331061085259479,4.164701113948455,3.9973515860437336,3.8304583122850433,3.665234560189908,3.5026826856117803,3.343616099533661,3.1886808492403267,3.0383762922272743,2.893074507176492
9.796850830579018e-15,0.5237900201010429,1.0403810838122252,1.542803450891261,2.0245328252036447,2.479681744362392,2.903156416025368,3.2907721591720627,3.6393238851658873,3.946611373155725,4.211422124226233,4.4334770545625775,4.613346041484836,4.752341303717357,4.852396811111768,4.915941487051901,4.945773044519089,4.944938059042726,4.916622497631441,4.864055537594407,4.790428233965861,4.6988275024500235,4.592185014430882,4.473239960122303,4.344514211900466,4.208298184586977,4.066645607962182,3.9213754622619494,3.7740794450493524,3.626133507255068,3.4787121924852427,3.3328047178068214,3.189231932425956,3.0486634739136305,2.9116346046260024,2.7785623513293047
9.465084965798454e-15,0.4647933600760129,0.9235669686464367,1.3704818074228757,1.8000506582075513,2.2072906376867953,2.587849841682579,2.9381027811185225,3.2552116400493056,3.537152795727753,3.7827102798788337,3.9914397394619305,4.163607845991019,4.300112945840013,4.402393046748046,4.472327058970091,4.512134651342267,4.524279259638778,4.511377815204752,4.476119752348039,4.421196889296439,4.349244921191876,4.26279655168366,4.16424573766671,4.055822127879264,3.93957452655355,3.8173620868489424,3.690851910833281,3.561521778558799,3.4306668254907255,3.299409115561945,3.1687092005543827,3.0393789032183203,2.9120947028619675,2.7874112323710603,2.6657745114478573
7.669646168162458e-15,0.41387173340026495,0.8226837960660587,1.221519987976098,1.6057437969393527,1.9711206771398329,2.3139207781179736,2.6309979754124084,2.919842750522054,3.178608229091927,3.4061103496426672,3.6018045641195986,3.7657425689778954,3.8985132803674847,4.001172593483849,4.0751664372975664,4.122251312959183,4.144415964737442,4.143807158572876,4.122661812411948,4.083246999833994,4.02780868394091,3.9585294652907903,3.8774951635355217,3.7866697020181164,3.687877522607033,3.58279261250432,3.472933159914055,3.359660854192153,3.2441838917423707,3.1275628264112325,3.0107184996692005,2.8944413911732845,2.7794018365833457,2.6661606611989144,2.555179871452973
-3.717729249452795e-15,0.3697349699435343,0.7351965024155656,1.0922257808327425,1.4368877446055655,1.7655696602222237,2.0750648221277044,2.362638133793724,2.6260715545710807,2.8636886939949235,3.0743590773619447,3.257483695805731,3.412964317590599,3.5411596324905337,3.642831616701924,3.7190855582114373,3.7713070096483174,3.8010985886403015,3.8102190814337344,3.8005267796576634,3.773928441784563,3.7323347595390435,3.677622753586246,3.61160513967213,3.536006403634565,3.4524451011488035,3.362421749785621,3.267311597361511,3.168361520205128,3.0666903159786583,2.9632916967974876,2.8590393495626634,2.7546935032336792,2.650908520503865,2.54824110892159,2.4471588203258197
1.5417354892743873e-15,0.33132697334851147,0.6590279258559804,0.9795689651685886,1.289596276191311,1.5860160050633578,1.866062752973591,2.127354124099425,2.367929678054349,2.5862735972928648,2.781321312343754,2.952451160765803,3.099462834274947,3.2225448581608296,3.322233635043952,3.399366678126792,3.455032580149245,3.4905200469188498,3.5072680077313443,3.5068184390866834,3.4907731394773878,3.460755302420877,3.4183763757470707,3.3652083832034676,3.3027616283447188,3.232467503015715,3.1556659814108103,3.0735972903090714,2.9873971992928743,2.8980953633313167,2.8066161658050914,2.713781545201716,2.6203153365945497,2.526848714034644,2.4339263776922007,2.3420131866428306
-2.6834003769016235e-15,0.29777845552439736,0.5924667845261913,0.8810493369144266,1.1606562083186582,1.428628309866068,1.6825736551362613,1.9204128459579153,2.1404124081825557,2.341205344282629,2.521798973189159,2.6815707668620226,2.820253426243572,2.937910838988058,3.0349068151486263,3.111868606408107,3.1696471928129792,3.209276190223351,3.2319310187021224,3.2388897052634538,3.2314964008850424,3.2111283951115492,3.17916713085385,3.1369734707708568,3.085867253419527,3.027111006097142,2.9618975521680837,2.8913411610514266,2.816471834471724,2.738232297529302,2.6574772617473514,2.574974543769582,2.4914076525722293,2.4073794953695256,2.3234168940767037,2.2399756472836834
-8.098990228466718e-16,0.2683701329493179,0.5340959196204017,0.7945935496826588,1.0473978072541608,1.2902153323057883,1.5209710665785918,1.7378462834242747,1.9393070990338657,2.1241228993780554,2.2913746507991655,2.440453554205965,2.571050922035079,2.683140481807662,2.776954528891024,2.852955462719028,2.9118042526977725,2.9543273064366122,2.9814830721490058,2.994329519254676,2.9939934263184904,2.981642181508549,2.958458582778154,2.92561892443095,2.8842744814167656,2.8355363570067187,2.780463544878105,2.720053972260197,2.6552382341543055,2.5868756961964396,2.515752631396633,2.4425820595743053,2.368004973812266,2.292592662064935,2.216849861082365,2.1412185115046056
-4.391018798566293e-15,0.24250387660764086,0.4827359709480108,0.7184739615475766,0.9475925224785071,1.168107122835611,1.3782125052109693,1.5763145685903712,1.761054754084706,1.9313264370252337,2.086283235721055,2.225339527352753,2.3481637915342803,2.4546656649213157,2.544977776059703,2.6194335358548377,2.678542089442194,2.7229615988060165,2.753471934685284,2.770947725409248,2.7763325539127504,2.770614925934959,2.754806464103628,2.7299226236625005,2.6969660828523256,2.656912838729763,2.610700939595187,2.559221708433648,2.50331325667688,2.4437560520118056,2.3812702851507495,2.3165147754466666,2.250087160990443,2.182525132562739,2.1143084900320925,2.0458618223648677
1304.7505840454564,1589.7788776941134,2011.2300162590755,1770.065148548988,915.7341914114655,286.0249244627613,52.04848909736287,-30.719523373723586,-59.322325833233116,-66.56896453957137,-65.00565397427059,-59.94981485173259,-53.78434162311098,-47.58660319732992,-41.82081914917053,-36.656701614601985,-32.12359171242524,-28.187004654391913,-24.786890011677926,-21.85649008655196,-19.331244019046533,-17.152588493579202,-15.269182818729908,-13.636882888026307,-12.218155397069154,-10.981287634720038,-9.899569394029756,-8.950528922600716,-8.115255474836218,-7.377816039877905,-6.7247618783640775,-6.144715452856563,-5.62802683434649,-5.16648890089474,-4.753101647578991,-4.381877195229817
1275.9292929399892,1313.0576688069214,1310.4929293894995,1098.3608405315683,716.1846001841018,371.54649213432145,163.5523969114254,56.52323221019794,3.85660945807754,-21.22576831296256,-32.24119759382114,-36.02071366119091,-36.10647006595768,-34.37676611918621,-31.839103240295785,-29.032569711985698,-26.239621659481298,-23.600828905221963,-21.1783659661677,-18.991630781386053,-17.037371174645585,-15.301062661187093,-13.763292372524926,-12.403274913569499,-11.200718833634012,-10.136748606986243,-9.194292115553592,-8.358172590825186,-7.615043999138787,-6.953250108208193,-6.362652861184367,-5.834455302815475,-5.3610323540022415,-4.93577579634693,-4.552955875933892,-4.207599752924197
987.529523573049,973.5598734394301,907.4053647489168,758.1282490366194,549.7100019321857,348.46386022658254,198.71367439534419,102.79364483550927,45.61242092962349,12.727442810393107,-5.630621254353499,-15.429649241426064,-20.21451782564122,-22.084105054197558,-22.28574227826605,-21.563339540055704,-20.360660524386773,-18.941024812342743,-17.458589117608323,-16.001250720059897,-14.616705588364862,-13.328386478245896,-12.145257251273165,-11.06784431522673,-10.091946921448681,-9.210907922136029,-8.416988619607332,-7.702185310767033,-7.058698389174894,-6.479186276417893,-5.9568873815487295,-5.4856624641585885,-5.059990322947444,-4.674937409436748,-4.326114144243999,-4.009625745150709
728.358377106299,710.1888843311801,652.0251545239008,552.6122468347736,426.8553002404768,301.41470158908766,197.2383214194364,120.89092398779115,69.03475787717565,35.33924686771158,14.062161935693727,0.956882720727166,-6.870389150840071,-11.324333228040045,-13.64079073187299,-14.617254715352555,-14.767264095846345,-14.42098148623856,-13.790077636928444,-13.00951857065325,-12.164528473929757,-11.308045774091173,-10.472066607338396,-9.675041879839164,-8.926714557828769,-8.231288789953153,-7.589507097820097,-7.000010025345269,-6.460222762006409,-5.966929221821186,-5.516639383534126,-5.105819927985148,-4.731034685945722,-4.389025865248776,-4.076756707987512,-3.791429352600946
537.1526213878165,523.1377135950385,481.5863653713914,416.07610089326147,335.89873766812957,253.96286848451928,181.1880330679705,122.92813944700264,79.51492436792778,48.658621289771624,27.407278403158745,13.105611621983854,3.67703609375026,-2.396717215316996,-6.187838522432654,-8.439714166175724,-9.662694273892898,-10.205219825455552,-10.304359363409622,-10.120932979449561,-9.763659341626777,-9.305674566067111,-8.79581442498351,-8.26632170741818,-7.7381177405687795,-7.22441367496688,-6.73318840931684,-6.268891080985435,-5.833611643998714,-5.427885619711708,-5.051246624521748,-4.7026046289190635,-4.38050361299025,-4.083295678978729,-3.8092572898438126,-3.556665459086388
401.9731016117318,392.2308694341369,363.9808197777866,320.5015096177471,267.55987806313516,212.22768484807762,160.72444771857542,116.85313785033061,81.85493044673584,55.214511983835955,35.597766718097894,21.49718911740557,11.552438647764903,4.6579421815217,-0.0353360111195399,-3.1584501934693767,-5.171380951264744,-6.405450962193468,-7.097545474115631,-7.416206312025533,-7.4809233189726685,-7.376146414685529,-7.161359875526235,-6.878284421495645,-6.556011128359365,-6.214656907590269,-5.867967145044613,-5.525169763890753,-5.192297124358492,-4.873129313843517,-4.569867710554002,-4.283616071544599,-4.0147240272476346,-3.7630320454690867,-3.5280457285634825,-3.3090593650525846
306.4435956327023,299.81760822310576,280.71003831531607,251.4165080101435,215.52072907124384,177.19441806421898,140.2175518716487,107.22486950644986,79.50016373096496,57.23057005209904,39.93302101933285,26.829905705427436,17.0938643359493,9.97359477719363,4.8410266675750275,1.195991072100694,-1.3479924564658337,-3.0838375470609933,-4.230750576559393,-4.951398916716334,-5.365798479733656,-5.5621303031591705,-5.60497417573933,-5.541487024271178,-5.405997647403515,-5.223404880345877,-5.011682666491657,-4.783723597849424,-4.548694678910085,-4.313034332392911,-4.081185829334872,-3.856137098220145,-3.6398182266880488,-3.4333942708517315,-3.2374809524808494,-3.052303484347418
238.0123022397956,233.48427305870624,220.42142731692098,200.3220890942175,175.43157049459631,148.32478061519143,121.40256521867559,96.49207540742042,74.68350182761282,56.394126031782804,41.55604699327085,29.821013258528446,20.722335188701596,13.778998330678332,8.551230616667493,4.663343658040555,1.8076669976239994,-0.26089832225184917,-1.7340024090493957,-2.7595974519777045,-3.4508872014911804,-3.893942337297974,-4.153903649898703,-4.2798992527463655,-4.3088741787675655,-4.268538279419192,-4.179617899009862,-4.0575670473075105,-3.913863636395348,-3.7569895186006317,-3.5931707125416428,-3.4269362832928874,-3.2615403116550072,-3.099280571296682,-2.9417392795870887,-2.7899650331529573
188.1060524880741,184.96682560007417,175.8875922608028,161.83035686904523,144.22047280165242,124.69699641196127,104.83199295586189,85.90177785980757,68.76979589547543,53.88656385690628,41.36829076674391,31.10434874367688,22.85699693898004,16.33654875971888,11.249872299362933,7.327234971750573,4.33421661008913,2.074522155477507,0.3878872469100782,-0.8542418003085808,-1.753693236539754,-2.390397889829905,-2.826684419615534,-3.110917925830216,-3.28048851731004,-3.3642162016018893,-3.384259261088478,-3.3576140982617884,-3.2972861780754,-3.213200036903611,-3.112904356596721,-3.0021171942918032,-2.8851471213013062,-2.76521832405329,-2.6447215199556324,-2.5254076282357643
151.0270830937954,148.81200412646018,142.3853245514632,132.36705608215658,119.67660376971459,105.38244659216608,90.53753568772579,76.04115371593144,62.556975627947416,50.49392720101899,40.035503038576245,31.194214885942802,23.870420610228887,17.902814327954548,13.105701821747138,9.293304174202104,6.293667743568087,3.955248244887931,2.1488302174458918,0.7667623506099569,-0.2791579866415741,-1.0603226512165151,-1.6339979301346441,-2.0458109704897343,-2.3319308446892353,-2.5209173363664736,-2.6352524948434897,-2.69258934038571,-2.7067585489979806,-2.6885735245023814,-2.646470552496836,-2.5870157589333393,-2.515305459072394,-2.435281719703247,-2.3499807927953142,-2.261728565326897
122.9833748737589,121.39174240900923,116.75918809968778,109.49024110219891,100.18829273228677,89.56411288353173,78.33599932626673,67.14328644090207,56.48934062139816,46.71939039030861,38.028060811949736,30.485637958866107,24.071638607725564,18.707232532864627,14.28194324774791,10.673210796861945,7.759316538811075,5.427008469843559,3.5753141670105824,2.11683627177732,0.9775217285094169,0.09560028984409379,-0.5798526259559197,-1.0904502413064958,-1.4699683576787073,-1.7456796934913865,-1.9395174420645427,-2.0690646312873358,-2.148380617706165,-2.1886828090496517,-2.1989037936491247,-2.186143570205817,-2.1560348111762666,-2.113036822237638,-2.06067150844485,-2.001712448686735
101.42007536881974,100.25616227073095,96.8584616474454,91.49509987553479,84.5691044636211,76.5619701765068,67.97155630728545,59.25654506626641,50.7967708044833,42.8733709939422,35.66722294678318,29.270520294634093,23.70528221576825,18.9434979692208,14.925411007088844,11.574239570645359,8.806953659557868,6.541496250398146,4.701161950026449,3.21689235788919,2.028152758443463,1.0829110175558705,0.33709678458009956,-0.2462009616834324,-0.6976317893793181,-1.042476630030558,-1.3014797747838251,-1.491593323344558,-1.6266253099790182,-1.7177931848616206,-1.7741899004282784,-1.8031723648563704,-1.8106827052250947,-1.8015124310642323,-1.7795187100634533,-1.7478008697549177
84.58754685198797,83.72226277251403,81.18956680586483,77.1702060136772,71.93807644393635,65.82487843829409,59.180697529068205,52.33764869869811,45.58219278288643,39.13894773198598,33.165834565237304,27.75819358178953,22.95852919275865,18.76866437863035,15.161860326070201,12.093416586192884,9.509101150016045,7.351340144837978,5.563424055633036,4.092122086294469,2.8891100825101277,1.9115689299009113,1.122238784279101,0.48914222810924723,-0.01487305330526685,-0.41267090337545403,-0.7233782027288438,-0.96291285895868,-1.1444675726488556,-1.2789402079595198,-1.3753087714434757,-1.4409532012994897,-1.4819284013193479,-1.5031939322272723,-1.508805985927235,-1.5020770402507106
71.26650948804176,70.61333506565104,68.69695110186706,65.64128080750653,61.63559064738423,56.911998348973405,51.72000182881899,46.302304698000455,40.87541697656752,35.617016942178886,30.66039075055219,26.094918644019803,21.970828654456106,18.306298454655543,15.095275273985706,12.314870183846331,9.931678322185174,7.9067741937802545,6.199397541916564,4.769492439500616,3.5793212103613903,2.5943782560781377,1.7838030741252775,1.1204545467728904,0.5807704772511566,0.14450260291873182,-0.20561013923295823,-0.48418838618951127,-0.7035529055779832,-0.8740435858232847,-1.004308932635642,-1.1015630044070375,-1.171809756502243,-1.220036544774669,-1.2503794776523183,-1.2662637005325903
60.592498652164934,60.09246060228724,58.622305576236315,56.26840067744882,53.16362027605581,49.47280084323785,45.37601190263733,41.052257465202544,36.6658106549925,32.35656787924391,28.23485392553615,24.380280625972045,20.84372881669013,17.651325365976675,14.80935908515435,12.309309176906288,10.132439993335181,8.253671802542977,6.644632574577717,5.275923365033519,4.118699280160011,3.1456950622924973,2.331824593456377,1.6544694360986019,1.0935514337748506,0.6314635688459062,0.2529144518680281,-0.05527387355551243,-0.3043874984025737,-0.5040436232756589,-0.6624037891459951,-0.7863710178953985,-0.8817677956084349,-0.9534939864378306,-1.005665115606632,-1.0417322508235072
51.94243640632753,51.55466191785815,50.41247674462334,48.57701856200583,46.14297588331808,43.229031665350995,39.966707087798376,36.48923237460805,32.921862027611475,29.37459884921241,25.937735449190686,22.6801089338995,19.649597273306725,16.875203222243744,14.370054734142713,12.134747270027095,10.160604142077998,8.432588222176497,6.9317325745937834,5.63705658178588,4.526997655716916,3.580422764443622,2.777296928474069,2.099085244968797,1.5289569609399052,1.0518488912672959,0.654433726467434,0.32502796757724556,0.05346502354463402,-0.16904842193485972,-0.35008042513756416,-0.4961181449185403,-0.6127036574473583,-0.7045585427718847,-0.7756960785594543,-0.829520875375016
44.86023335441488,44.55593771110912,43.658190211507765,42.21090852671309,40.28252223296995,37.95959682619582,35.339286012412124,32.52164078835765,29.602699743520425,26.66903098837403,23.79406836245762,21.036264849531204,18.438837345285673,16.030729743402432,13.82837442548044,11.837862591852968,10.057209924390392,8.478496633250948,7.089748972133179,5.876501156663129,4.823028370388705,3.913274314495248,3.131514181674262,2.4628003257238196,1.8932371968727648,1.4101274292390982,1.002024506098098,0.658720606835949,0.3711918693560544,0.13151777685912688,-0.06721317512815375,-0.23100298477541004,-0.36504304748353894,-0.4738087501270257,-0.561147552886524,-0.6303594189778412
39.0071986382679,38.76580116161854,38.05260488165374,36.89959398802848,35.356874704583426,33.488357994855214,31.366583019733042,29.06734122109814,26.66471129438673,24.226971785003602,21.81366255418424,19.473865746019413,17.245609754335597,15.156188272420925,13.223135292414916,11.455596720075246,9.855873808022539,8.420965680052737,7.143993753336801,6.015440602523688,5.024175138504985,4.158263817152382,3.405585050920668,2.7542731872713064,2.1930216727709895,1.7112744258343624,1.2993316418987273,0.9483924351471378,0.6505526578094422,0.3987723933159731,0.18682423032974343,0.009230580239742093,-0.13880399913285954,-0.2614613146937037,-0.36237610307408563,-0.444698895463899
34.12844707334495,33.93502257090011,33.362841152199124,32.435496903131195,31.19013215875412,29.674472742363946,27.943231396012767,26.05430869747643,24.065198895965903,22.029926609249515,19.99672260956052,18.00652022091489,16.092241982625758,14.278764680778654,12.583405193803372,11.016757007908861,9.583719679368652,8.284591107585195,7.116126227094627,6.072498893911335,5.146132234837134,4.32838474758216,3.6100948295685846,2.981995987095249,2.4350199689928966,1.9605067686211561,1.550339981909905,1.1970242971940608,0.893719578902355,0.634243530329277,0.4130525494429165,0.22520827100784713,0.06633547947182425,-0.06742441138552087,-0.17946130574209088,-0.2727437210598005
30.02978274459757,29.87336300497026,29.410131946038934,28.657704005277182,27.64392929467389,26.404830254268127,24.982071922620207,23.420248839427813,21.76426353595254,20.057025208884074,18.337625706416667,16.64006941684981,14.992558832740796,13.417279008626837,11.930586849552974,10.543495047799418,9.262341798767045,8.089550704063232,7.0244049239043065,6.063781032378718,5.2028079285186335,4.435432744689477,3.754888296129108,3.154065338047247,2.6257982873076418,2.1630758497360394,1.7591889005632773,1.407827631225873,1.103138906403867,0.8397533424787806,0.6127900764531928,0.4178457026193385,0.25097250292618994,0.10864992757306285,-0.01224769519675028,-0.11448503576875921
26.561551544985978,26.433976067396543,26.055791689969965,25.44029630002751,24.608597517039648,23.588158405103112,22.410997267108453,21.11173047975485,19.725645856255394,18.286967686332453,16.827430907062002,15.375230345430065,13.954360883351926,12.584322822548135,11.280137671441466,10.052603938374467,8.908718776426877,7.852196551921333,6.884026230029522,6.003022806898986,5.206341488875205,4.489935369504004,3.8489471778250937,3.2780330374973565,2.7716212357899863,2.3241121104433273,1.9300267520263212,1.5841127112379243,1.281414660282814,1.0173172764359588,0.7875667107129892,0.5882760256052137,0.41591903013491055,0.2673160647327173,0.13961452066147934,0.030266227757503053
23.607200706477787,23.502327684518683,23.191167448597923,22.6838642719238,21.99657678365289,21.15044062438775,20.170273146326227,19.083147858200576,17.916967747951535,16.699151743136234,15.455521693233512,14.209444111982215,12.981247307074407,11.787905193906953,10.642957056193795,9.556618925367022,8.536036664633073,7.585631766051504,6.707496319308364,5.901801602319878,5.167193598573318,4.501157241577914,3.9003385693065025,3.3608198876769815,2.8783474340846347,2.448514030210009,2.066901046119664,1.7291849248897444,1.4312137874412423,1.1690594657988422,0.9390498714647867,0.7377860230267027,0.5621474245052791,0.40928886328517705,0.27663111996880757,0.16184757110428136
21.075064464290566,20.9882215691961,20.730353039818947,20.30927308952669,19.7374683234464,19.031349394013386,18.21030917958691,17.295674793484636,16.30964323400064,15.274282192003852,14.210660923456528,13.138154643709633,12.073943278666128,11.032704780159774,10.026486781861394,9.0647292160985,8.154404684556077,7.300242173851511,6.505002001578046,5.769774419418045,5.094279941420908,4.477155296265948,3.916214291260554,3.408677456958522,2.9513679641780204,2.540873973374652,2.1736793885544334,1.8462660902765784,1.555191273675901,1.297143667580157,1.0689822885872313,0.867761092955608,0.6907425077983658,0.5354024074931621,0.3994286891715643,0.28071521607039623
18.892391911146625,18.81998897257165,18.604845077130157,18.2530345989016,17.77429178872449,17.181465127289798,16.489825686068116,15.7162898526583,14.878619474106076,13.994657951254318,13.081650517501698,12.15568297861461,11.231257910590513,10.321012820814786,9.435572652311121,8.583520156075238,7.771462319282711,7.004168938393439,6.284759947569747,5.6149204863791216,4.995126153485128,4.42486479004937,3.9028449721576752,3.427184838393994,2.995577759270842,2.605433609569665,2.2539960543283337,1.93843737484513,1.6559330364394163,1.4037185333908437,1.1791311302498877,0.9796390314096024,0.8028603160650793,0.6465737220852503,0.5087230851298338,0.38741696269366366
17.00095386633525,16.940206344890974,16.759580589546985,16.463838917497434,16.060632769051853,15.560100828901534,14.974356307967467,14.316905555347617,13.602042673886935,12.844262447617739,12.05772749064365,11.255816400824836,10.450769341436493,9.653437289147288,8.87313229558607,8.117569227854585,7.392884877001238,6.703717989613352,6.053333367269833,5.44377423217465,4.876029078041482,4.350201755338485,3.865676205995385,3.4212697939017755,3.0153714034595067,2.6460623138316364,2.3112192809226966,2.008600296022997,1.7359141886201308,1.4908756617348902,1.2712475533139203,1.0748721639299226,0.8996934283990957,0.7437715767128052,0.6052917585623762,0.48256791821409384
15.353775637552777,15.302504896553412,15.149968924583757,14.89993133587791,14.558453203562193,14.13359424006027,13.635029306903963,13.073610016210864,12.460903355031485,11.80873811787239,11.128785958122297,10.432197874792184,9.729309898399043,9.029424572121577,8.340668328760424,7.669919587850153,7.022798621900472,6.403708004948062,5.815911612132975,5.261640419928588,4.74221444635787,4.258171756004102,3.8093972631694326,3.3952458850535807,3.0146562767729344,2.666252832405462,2.3484348209371126,2.0594524391675986,1.7974702255003079,1.5606187229262216,1.3470355459041419,1.1548971338394207,0.9824424997181083,0.8279902372545508,0.689949958965352,0.5668292205436124
13.912682031356512,13.86916949676012,13.739647014787353,13.527111335267147,13.236398856467842,12.873961429480554,12.447577085896715,11.966016898151867,11.438690990675989,10.875296252186267,10.2854858372405,9.678576592693833,9.063305724565858,8.447642966129516,7.83865977096489,7.242453045431301,6.66411789555926,6.107761873401557,5.57655221334139,5.072787402724581,4.597984936372381,4.152978051291141,3.73801543172433,3.3528591535406083,2.9968773787877243,2.669129434191904,2.368441865064949,2.093474830454487,1.8427787989512023,1.6148419332009407,1.408128838043147,1.2211115182825714,1.0522934730120892,0.9002278674515576,0.7635306904510456,0.6408897424681819
12.646434827447939,12.60931439776512,12.498766324369097,12.317193644385588,12.068482128760133,11.757830638619984,11.39153116243893,10.976713788364085,10.52107334113998,10.032594311164727,9.519289187138392,8.988962689385538,8.44901109373655,7.906262262333247,7.3668585446660835,6.836181682946354,6.3188164480787155,5.818548035512449,5.338387259365053,4.880617222926928,4.446855294657198,4.038124743221299,3.6549311470129355,3.2973395728747046,2.9650494190012524,2.65746466809954,2.373758053520407,2.1129282792669746,1.8738499471311996,1.6553162351178685,1.4560746526954038,1.2748563861618303,1.1103998587771629,0.9614691820732442,0.8268681821141258,0.7054506604928494
11.52930690291932,11.497484806081454,11.402674383038466,11.246815433381702,11.033050243736493,10.765594185089974,10.449567171683626,10.090797049815722,9.695607171637924,9.270600494252083,8.822451620990895,8.357716468500755,7.882666965677166,7.40315565708187,6.9245125651360615,6.451474384723744,5.988144197004779,5.537978480869382,5.10379728948254,4.687813012099069,4.291673088186942,3.91651229313691,3.5630106790760885,3.2314538434056748,2.921792837680347,2.6337016628630394,2.3666308832950844,2.1198564058499585,1.892522900471508,1.683681681245197,1.4923231277910136,1.3174039138497937,1.157869434392987,1.0126718959856345,0.8807845686043932,0.7612127007056813
10.539981324229519,10.512575873070901,10.43089185015561,10.296504963428688,10.111971866292643,9.880730694867493,9.606970987616341,9.29548108614246,8.951482062933461,8.580457393127872,8.187987034963276,7.7795934329988645,7.360605384302712,6.9360439064455415,6.510532407353523,6.088231743326685,5.672799283824844,5.267369953808243,4.874556424846875,4.496465164795359,4.134724894160197,3.7905240795982476,3.4646543582618476,3.1575571688233492,2.8693713104566623,2.5999796142384164,2.3490533579552655,2.1160934616765954,1.9004678538123485,1.7014446896933524,1.5182213368374646,1.3499492168945206,1.1957547201471204,1.0547564919441148,0.9260794393863756,0.8088658284411513
9.660694521996218,9.63699043679844,9.566312838768159,9.449949283813094,9.289992011060795,9.089260938020738,8.851202569517174,8.579770794108912,8.27929629379,7.954351494320236,7.6096176626761896,7.249759994347612,6.879315442188278,6.502596753859131,6.123614840073827,5.746020309143674,5.373063867257085,5.007574360069984,4.651952549774233,4.30817828532274,3.977828512639639,3.6621035524553758,3.3618592041284967,3.0776424708704155,2.8097290042649035,2.558160698583094,2.3227821999776666,2.103275411529361,1.8991913586645526,1.70997902304288,1.535010953825065,1.373605624025542,1.225046619588672,1.088598834495021,0.9635219018559402,0.8490811239445033
8.876564391359489,8.855977884878463,8.794575285817693,8.693414601630732,8.554217427314118,8.379308917023149,8.17153870450779,7.934187212519342,7.670862387203936,7.385392095652541,7.081717247550626,6.763790195665614,6.435482211596812,6.100502914290582,5.762333543313811,5.424175002763419,5.088910725122362,4.759083667223961,4.436886181176914,4.124161110162965,3.8224122345614533,3.532822118061428,3.2562754492084265,2.9933861111074065,2.7445264110917065,2.509857136276712,2.2893573476050495,2.0828530668136302,1.8900442352508326,1.7105295227007105,1.543828734194983,1.3894027020617763,1.2466706601927369,1.1150251801829694,0.9938448079178197,0.8825045780254476
8.175059648973207,8.157111532497206,8.10356184392262,8.01528459039791,7.893703763921234,7.7407462405889405,7.558779531825594,7.35053771214475,7.119039319720838,6.867501214133869,6.599252286572256,6.317650583479718,6.026006876417552,5.727517051713454,5.425204969686894,5.1218767173762085,4.820086503627866,4.522113860804991,4.229951348245393,3.945301609817404,3.669582420120532,3.403938250265718,3.149256877631746,2.9061896340898428,2.675174012707944,2.4564575138703635,2.250121790562229,2.056106334979911,1.8742311237953178,1.70421779978513,1.5457091085226788,1.3982864282252934,1.2614853283219971,1.1348091688742623,1.017740810536661,0.9097525456771683
7.545577927069672,7.529872743816078,7.48300169423244,7.405690426075696,7.299122598468017,7.164902694730578,7.005006729370715,6.821723355967474,6.617588256292322,6.395314858776185,6.157724398531258,5.9076781117417685,5.648013988721725,5.381490035762286,5.110735463095464,4.83821067034447,4.566176381438578,4.296671819284698,4.031501427693314,3.7722293553177244,3.5201807158263883,3.2764485250191133,3.0419051786797136,2.817217361003359,2.602863347499558,2.3991517736062953,2.2062410674166912,2.0241588804678403,1.8528209853489856,1.692049236188001,1.541588303302642,1.4011209937912903,1.270282054463199,1.148670422332681,1.0358599418202532,0.9314086082508488
6.979108185970211,6.96531790918818,6.92415093753013,6.8562126272968555,6.762491490910554,6.644329662852724,6.503383643393809,6.341577222936266,6.161048786009266,5.964095339796292,5.753115607371765,5.530554383261219,5.29885009161999,5.060387145382439,4.817454311596616,4.572209876936773,4.32665400785727,4.082608336260983,3.841702491397237,3.6053670524096213,3.3748322173427607,3.1511313717188885,2.93510868696958,2.7274298771704593,2.5285952813025054,2.3389545069327267,2.15872195960414,1.9879926813417481,1.8267580240301198,1.674920783152592,1.532309510271975,1.39869180590758,1.2737864665943077,1.157274420368853,1.0488084339351917,0.9480216130650231
6.467958964522397,6.455810178316313,6.419534572730817,6.359639451750244,6.276954045914206,6.17260592397286,6.047989559572645,5.904728506662215,5.744632872589603,5.569653902543664,5.381837501762102,5.183278430695045,4.976076728638109,4.7622976742088365,4.543936300265923,4.322887170621415,4.100919818472064,3.8796599606421216,3.6605763516913137,3.4449729369375146,3.2339858079028527,3.028584357805016,2.8295759752873493,2.6376135959861866,2.4532054466892252,2.276726358051585,2.108430081515807,1.9484621172465908,1.796872636511888,1.6536291591043777,1.5186287203495084,1.391709330333663,1.2726605885291136,1.16123336913328,1.0571485359647006,0.9601046809380097
